City_ID,City,Country,Date,Lat,Lng,Max Temp,Humidity,Cloudiness,Wind Speed
0,Hobart,AU,2021-05-12 04:54:34,-42.8794,147.3294,57.99,62,75,8.05
1,Arlit,NE,2021-05-12 04:54:35,18.7369,7.3853,85.06,10,0,5.41
2,Vestmanna,FO,2021-05-12 04:54:35,62.1564,-7.1664,37.4,75,75,8.05
3,Agadez,NE,2021-05-12 04:54:35,19.75,10.25,83.97,10,0,6.73
4,Lompoc,US,2021-05-12 04:54:36,34.6391,-120.4579,54.0,94,9,4.61
5,Barrow,US,2021-05-12 04:54:36,71.2906,-156.7887,17.6,79,90,9.22
6,Lebu,CL,2021-05-12 04:54:36,-37.6167,-73.65,49.82,79,41,10.16
7,Lorengau,PG,2021-05-12 04:54:37,-2.0226,147.2712,76.68,93,100,5.61
8,Rikitea,PF,2021-05-12 04:54:37,-23.1203,-134.9692,77.81,78,29,22.84
9,Saint-Philippe,RE,2021-05-12 04:54:38,-21.3585,55.7679,80.6,57,0,2.3
10,New Norfolk,AU,2021-05-12 04:54:38,-42.7826,147.0587,57.99,70,5,1.99
11,Vao,NC,2021-05-12 04:54:38,-22.6667,167.4833,74.91,78,99,19.6
12,Kodiak,US,2021-05-12 04:54:39,57.79,-152.4072,41.47,84,100,3.13
13,Stornoway,GB,2021-05-12 04:54:39,58.2093,-6.3865,46.4,93,75,13.8
14,Pyaozerskiy,RU,2021-05-12 04:54:40,65.8333,31.1667,50.07,84,100,1.66
15,Port Hedland,AU,2021-05-12 04:54:40,-20.3167,118.5667,93.2,22,0,11.5
16,Baisha,CN,2021-05-12 04:54:40,26.5222,110.9311,77.95,86,100,1.61
17,Galway,IE,2021-05-12 04:54:41,53.2719,-9.0489,46.4,93,75,6.91
18,Mataura,NZ,2021-05-12 04:54:41,-46.1927,168.8643,48.99,68,10,1.01
19,Jamestown,US,2021-05-12 04:54:42,42.097,-79.2353,41.0,81,90,6.91
20,Arraial Do Cabo,BR,2021-05-12 04:51:20,-22.9661,-42.0278,68.88,81,11,5.68
21,Cidreira,BR,2021-05-12 04:54:42,-30.1811,-50.2056,55.36,75,64,7.2
22,Jackson,US,2021-05-12 04:53:18,42.4165,-122.8345,71.6,24,1,6.91
23,San Patricio,US,2021-05-12 04:54:43,28.017,-97.5169,80.6,94,90,6.91
24,Busselton,AU,2021-05-12 04:54:43,-33.65,115.3333,61.0,70,92,5.01
25,Iqaluit,CA,2021-05-12 04:54:44,63.7506,-68.5145,26.6,93,75,8.05
26,Butaritari,KI,2021-05-12 04:54:44,3.0707,172.7902,82.74,75,100,10.36
27,Ushuaia,AR,2021-05-12 04:54:44,-54.8,-68.3,53.6,50,40,6.91
28,Longyearbyen,SJ,2021-05-12 04:54:45,78.2186,15.6401,23.0,80,75,1.14
29,Punta Arenas,CL,2021-05-12 04:54:45,-53.15,-70.9167,46.4,71,75,14.97
30,Atuona,PF,2021-05-12 04:54:46,-9.8,-139.0333,80.42,80,18,25.32
31,Antalaha,MG,2021-05-12 04:54:46,-14.9003,50.2788,77.18,70,24,6.44
32,Margate,GB,2021-05-12 04:54:47,51.3813,1.3862,48.99,78,11,1.99
33,Gondanglegi,ID,2021-05-12 04:54:47,-7.7479,112.0132,89.91,54,33,7.43
34,Qaanaaq,GL,2021-05-12 04:54:47,77.484,-69.3632,20.37,90,100,7.43
35,Spokane,US,2021-05-12 04:52:58,47.6166,-117.3677,62.6,38,1,3.44
36,Mubende,UG,2021-05-12 04:54:49,0.5606,31.39,62.26,99,100,1.66
37,Yellowknife,CA,2021-05-12 04:53:39,62.456,-114.3525,30.2,69,20,4.61
38,Tasiilaq,GL,2021-05-12 04:54:49,65.6145,-37.6368,26.6,93,75,14.97
39,San Rafael Del Sur,NI,2021-05-12 04:54:49,11.8485,-86.4384,80.6,78,40,6.91
40,Ondjiva,AO,2021-05-12 04:54:50,-17.0667,15.7333,55.47,44,0,7.05
41,Cabo San Lucas,MX,2021-05-12 04:52:13,22.8909,-109.9124,78.01,79,54,9.8
42,Georgetown,MY,2021-05-12 04:54:01,5.4112,100.3354,89.01,74,20,4.61
43,Nanyuki,KE,2021-05-12 04:54:51,0.0167,37.0728,59.7,89,100,2.82
44,Hermanus,ZA,2021-05-12 04:54:51,-34.4187,19.2345,53.01,97,40,5.26
45,Simbahan,PH,2021-05-12 04:54:51,6.3032,120.5836,82.87,76,100,6.89
46,Itarema,BR,2021-05-12 04:50:00,-2.9248,-39.9167,74.7,89,49,9.4
47,Faya,SA,2021-05-12 04:54:52,18.3851,42.4509,69.8,45,20,1.34
48,Bluff,NZ,2021-05-12 04:54:52,-46.6,168.3333,48.99,68,19,1.01
49,Hasaki,JP,2021-05-12 04:54:53,35.7333,140.8333,68.0,59,75,11.5
50,Nikolskoye,RU,2021-05-12 04:54:53,59.7035,30.7861,62.01,41,0,6.71
51,Coihaique,CL,2021-05-12 04:54:54,-45.5752,-72.0662,53.6,62,0,5.75
52,Tuktoyaktuk,CA,2021-05-12 04:54:54,69.4541,-133.0374,21.2,93,90,21.85
53,Kruisfontein,ZA,2021-05-12 04:54:54,-34.0033,24.7314,56.12,88,5,16.02
54,Puerto Ayora,EC,2021-05-12 04:54:55,-0.7393,-90.3518,75.99,93,28,3.0
55,Katsuura,JP,2021-05-12 04:54:55,35.1333,140.3,68.0,52,75,8.05
56,Dingle,PH,2021-05-12 04:54:56,10.9995,122.6711,89.89,57,84,12.01
57,Amapa,BR,2021-05-12 04:54:56,1.0,-52.0,69.78,99,100,2.01
58,Vaini,TO,2021-05-12 04:54:56,-21.2,-175.2,77.0,73,20,10.36
59,Altamont,US,2021-05-12 04:54:57,42.2068,-121.7372,60.8,25,1,5.75
60,Constitucion,CL,2021-05-12 04:54:57,-35.3333,-72.4167,53.51,53,29,5.73
61,East London,ZA,2021-05-12 04:54:01,-33.0153,27.9116,53.6,94,0,4.61
62,Saskylakh,RU,2021-05-12 04:53:42,71.9167,114.0833,31.62,82,100,9.62
63,Albany,US,2021-05-12 04:52:30,42.6001,-73.9662,46.0,53,5,11.72
64,Bredasdorp,ZA,2021-05-12 04:54:58,-34.5322,20.0403,53.01,97,21,6.6
65,Kapaa,US,2021-05-12 04:54:58,22.0752,-159.319,78.8,65,40,12.66
66,Norman Wells,CA,2021-05-12 04:54:59,65.282,-126.8329,55.4,44,75,10.36
67,Eirunepe,BR,2021-05-12 04:54:59,-6.6603,-69.8736,71.85,99,91,0.96
68,Airai,TL,2021-05-12 04:54:14,-8.9266,125.4092,74.14,53,11,4.47
69,Omsukchan,RU,2021-05-12 04:55:00,62.5333,155.8,31.06,81,100,6.98
70,Moron,AR,2021-05-12 04:55:00,-34.6534,-58.6198,48.99,88,0,3.44
71,Tacoronte,ES,2021-05-12 04:55:01,28.4769,-16.4102,62.01,82,75,23.02
72,Santarem,BR,2021-05-12 04:55:01,-2.4431,-54.7083,80.6,89,75,9.22
73,Torbay,CA,2021-05-12 04:55:02,47.6666,-52.7314,42.01,93,75,10.36
74,Bambous Virieux,MU,2021-05-12 04:55:02,-20.3428,57.7575,80.01,88,20,10.25
75,Flin Flon,CA,2021-05-12 04:55:04,54.7682,-101.865,53.04,48,87,3.69
76,Vila Velha,BR,2021-05-12 04:55:04,-20.3297,-40.2925,70.0,94,0,2.3
77,Harlingen,US,2021-05-12 04:55:04,26.1906,-97.6961,82.99,89,75,10.36
78,Saint-Pierre,RE,2021-05-12 04:55:05,-21.3393,55.4781,78.8,57,0,2.3
79,Raymond,US,2021-05-12 04:55:05,43.9015,-70.4703,45.0,74,18,6.26
80,Petropavlovsk-Kamchatskiy,RU,2021-05-12 04:55:06,53.0452,158.6483,53.6,37,42,6.71
81,Blackwater,AU,2021-05-12 04:55:06,-23.5833,148.8833,85.64,37,0,4.5
82,Kununurra,AU,2021-05-12 04:55:07,-15.7667,128.7333,91.4,24,0,13.8
83,Ambilobe,MG,2021-05-12 04:55:07,-13.2,49.05,74.61,81,57,3.78
84,Kochubey,RU,2021-05-12 04:55:07,44.3861,46.5825,60.04,61,2,1.59
85,Inuvik,CA,2021-05-12 04:55:08,68.3499,-133.7218,37.4,64,94,10.36
86,Sitka,US,2021-05-12 04:55:08,57.0531,-135.33,46.4,76,90,5.75
87,Shenkursk,RU,2021-05-12 04:55:09,62.1091,42.896,64.31,57,93,8.3
88,Port Lincoln,AU,2021-05-12 04:55:09,-34.7333,135.8667,62.44,51,15,4.88
89,Chicama,PE,2021-05-12 04:55:10,-7.8447,-79.1469,66.88,77,4,5.91
90,Avarua,CK,2021-05-12 04:55:10,-21.2078,-159.775,71.6,100,75,5.75
91,Mattru,SL,2021-05-12 04:55:10,7.6244,-11.8332,74.44,97,100,1.1
92,Pochutla,MX,2021-05-12 04:55:11,15.7432,-96.4661,82.0,79,43,4.0
93,Onega,RU,2021-05-12 04:55:11,63.9061,38.1404,60.15,63,69,10.54
94,Ixtapa,MX,2021-05-12 04:55:11,20.7,-105.2,81.0,83,90,2.33
95,Susaki,JP,2021-05-12 04:55:12,33.3667,133.2833,64.4,88,75,8.05
96,Port Elizabeth,ZA,2021-05-12 04:55:12,-33.918,25.5701,57.2,88,0,16.11
97,Havelock,US,2021-05-12 04:53:27,34.8791,-76.9013,59.0,88,1,4.61
98,Benguela,AO,2021-05-12 04:55:13,-12.5763,13.4055,75.25,76,3,3.2
99,Bengkulu,ID,2021-05-12 04:55:13,-3.8004,102.2655,85.3,73,65,6.6
100,Tsiroanomandidy,MG,2021-05-12 04:55:13,-18.7667,46.0333,65.44,74,3,3.0
101,Mahebourg,MU,2021-05-12 04:55:14,-20.4081,57.7,73.4,88,20,10.25
102,Formosa,AR,2021-05-12 04:50:58,-26.1775,-58.1781,55.4,94,0,3.44
103,Khatanga,RU,2021-05-12 04:55:15,71.9667,102.5,32.79,100,100,8.46
104,Muros,ES,2021-05-12 04:55:15,42.7762,-9.0603,55.99,90,28,20.0
105,Bria,CF,2021-05-12 04:55:15,6.5423,21.9863,70.12,95,100,7.58
106,Izhma,RU,2021-05-12 04:55:16,65.0083,53.9113,60.15,70,99,10.18
107,Aklavik,CA,2021-05-12 04:55:16,68.2191,-135.0107,37.4,64,100,10.36
108,Beihai,CN,2021-05-12 04:55:16,21.4833,109.1,86.32,68,16,8.5
109,Port Alfred,ZA,2021-05-12 04:55:17,-33.5906,26.891,59.79,86,9,14.74
110,Hilo,US,2021-05-12 04:55:17,19.7297,-155.09,78.8,65,40,8.05
111,Hofn,IS,2021-05-12 04:55:18,64.2539,-15.2082,33.89,64,62,3.74
112,Mezen,RU,2021-05-12 04:55:18,65.8522,44.24,60.04,71,99,10.67
113,Nadym,RU,2021-05-12 04:55:18,65.5333,72.5167,48.63,52,59,9.42
114,Nikko,JP,2021-05-12 04:55:19,36.75,139.6167,69.01,33,100,5.99
115,Codrington,AU,2021-05-12 04:55:19,-38.2667,141.9667,60.3,54,0,5.06
116,Dondaicha,IN,2021-05-12 04:55:20,21.3333,74.5667,94.48,37,5,15.55
117,Cheney,US,2021-05-12 04:55:20,47.4874,-117.5758,62.6,27,20,5.75
118,Xai-Xai,MZ,2021-05-12 04:55:20,-25.0519,33.6442,63.52,91,2,6.04
119,Oranjemund,NA,2021-05-12 04:55:12,-28.55,16.4333,56.8,85,0,4.92
120,Lena,ES,2021-05-12 04:55:21,43.1,-5.7333,51.01,86,59,1.99
121,Auki,SB,2021-05-12 04:55:21,-8.7676,160.7034,82.44,75,72,1.34
122,Igdir,TR,2021-05-12 04:55:22,39.9237,44.045,57.2,67,0,4.61
123,Port-Cartier,CA,2021-05-12 04:55:22,50.0334,-66.8654,41.0,93,75,3.44
124,Faanui,PF,2021-05-12 04:55:22,-16.4833,-151.75,82.2,74,41,19.62
125,Le Port,RE,2021-05-12 04:55:23,-20.9373,55.2919,80.6,65,0,10.36
126,Kaitangata,NZ,2021-05-12 04:55:23,-46.2817,169.8464,46.99,68,52,1.19
127,Pevek,RU,2021-05-12 04:55:24,69.7008,170.3133,25.45,82,100,0.78
128,Terrace,CA,2021-05-12 04:55:24,54.5163,-128.6035,55.4,58,75,4.61
129,Atar,MR,2021-05-12 04:55:25,20.5169,-13.0499,80.06,13,0,11.41
130,Kiunga,PG,2021-05-12 04:55:25,-6.1219,141.2906,90.39,56,64,1.92
131,Hami,CN,2021-05-12 04:55:25,42.8,93.45,74.8,31,100,5.57
132,Kumo,NG,2021-05-12 04:55:26,10.0447,11.2122,80.33,62,13,9.1
133,Gigmoto,PH,2021-05-12 04:55:26,13.7796,124.39,85.64,71,27,7.76
134,Kenora,CA,2021-05-12 04:55:26,49.8167,-94.4337,48.2,40,1,6.91
135,Clarence Town,AU,2021-05-12 04:55:27,-32.5833,151.7833,69.01,77,75,10.36
136,Lasa,IT,2021-05-12 04:55:27,46.6166,10.7002,46.0,100,75,8.05
137,Chuy,UY,2021-05-12 04:55:28,-33.6971,-53.4616,52.95,71,78,6.73
138,Korla,CN,2021-05-12 04:55:28,41.7597,86.1469,62.91,48,99,17.52
139,Yerbogachen,RU,2021-05-12 04:52:34,61.2767,108.0108,40.3,45,100,7.9
140,Samarai,PG,2021-05-12 04:55:29,-10.6167,150.6667,83.08,73,18,9.37
141,Xuanhua,CN,2021-05-12 04:55:30,40.6103,115.0447,67.5,37,97,5.66
142,Urengoy,RU,2021-05-12 04:52:35,65.9667,78.3667,43.65,52,85,10.76
143,Hithadhoo,MV,2021-05-12 04:55:30,-0.6,73.0833,81.84,77,99,12.28
144,Singaraja,ID,2021-05-12 04:55:31,-8.112,115.0882,86.14,65,42,3.31
145,Zhengjiatun,CN,2021-05-12 04:55:31,43.5064,123.5064,74.82,11,60,19.35
146,Saint George,US,2021-05-12 04:55:32,37.1041,-113.5841,73.4,10,1,11.5
147,Presidente Epitacio,BR,2021-05-12 04:55:32,-21.7633,-52.1156,65.95,65,44,5.88
148,Boa Vista,BR,2021-05-12 04:55:09,2.8197,-60.6733,75.2,94,90,16.11
149,Lata,PT,2021-05-12 04:55:33,40.1629,-8.3327,54.0,92,90,4.0
150,Mushie,CD,2021-05-12 04:55:33,-3.0167,16.9,70.12,89,0,2.82
151,Inta,RU,2021-05-12 04:55:34,66.0317,60.1659,45.46,89,100,12.03
152,Vila,PT,2021-05-12 04:55:32,42.0304,-8.1588,51.01,89,89,18.01
153,Dikson,RU,2021-05-12 04:55:35,73.5069,80.5464,29.14,88,100,17.67
154,Bulaevo,KZ,2021-05-12 04:55:35,54.9056,70.4439,68.61,30,31,13.35
155,Kumeny,RU,2021-05-12 04:55:36,58.1089,49.9161,62.47,64,76,5.82
156,Upernavik,GL,2021-05-12 04:55:36,72.7868,-56.1549,27.3,97,99,3.02
157,Lingao,CN,2021-05-12 04:55:37,19.9103,109.6859,89.8,53,13,3.56
158,Saldanha,ZA,2021-05-12 04:55:37,-33.0117,17.9442,48.2,87,0,3.44
159,Laviana,ES,2021-05-12 04:55:38,43.2333,-5.5333,51.01,89,52,4.0
160,Castro,BR,2021-05-12 04:55:38,-24.7911,-50.0119,57.65,80,100,2.98
161,Ponta Delgada,PT,2021-05-12 04:55:38,37.7333,-25.6667,53.6,87,20,4.61
162,Pacific Grove,US,2021-05-12 04:51:32,36.6177,-121.9166,54.0,90,35,1.79
163,San Cristobal,VE,2021-05-12 04:55:39,7.7669,-72.225,64.69,92,96,3.74
164,Kungurtug,RU,2021-05-12 04:55:39,50.5994,97.5228,54.64,29,94,1.63
165,Mao,ES,2021-05-12 04:55:40,39.8885,4.2658,55.4,88,0,5.75
166,Uncia,BO,2021-05-12 04:55:40,-18.467,-66.5685,45.84,69,81,0.81
167,Datong,CN,2021-05-12 04:55:40,40.0936,113.2914,74.57,27,25,2.66
168,Burns Lake,CA,2021-05-12 04:55:41,54.2331,-125.7533,53.6,50,100,6.91
169,Praxedis Guerrero,MX,2021-05-12 04:55:41,31.3667,-106.0167,77.0,8,1,7.54
170,Ouallam,NE,2021-05-12 04:55:42,14.3188,2.0866,87.89,25,47,7.14
171,Doka,SD,2021-05-12 04:55:42,13.5167,35.7667,77.92,62,99,11.23
172,Quibdo,CO,2021-05-12 04:54:10,5.6947,-76.6611,74.89,98,100,1.68
173,Umm Kaddadah,SD,2021-05-12 04:55:43,13.6017,26.6876,80.83,50,8,9.69
174,Waipawa,NZ,2021-05-12 04:55:44,-41.4122,175.5153,51.8,76,75,25.32
175,Sao Joao Da Barra,BR,2021-05-12 04:55:44,-21.6403,-41.0511,67.91,82,5,8.63
176,Sao Felix Do Xingu,BR,2021-05-12 04:55:44,-6.6447,-51.995,69.89,97,72,1.21
177,Cape Town,ZA,2021-05-12 04:52:52,-33.9258,18.4232,55.99,93,75,2.3
178,Bethel,US,2021-05-12 04:55:45,41.3712,-73.414,48.2,46,1,3.44
179,Kaohsiung,TW,2021-05-12 04:55:45,22.6163,120.3133,91.4,49,40,16.11
180,Havre-Saint-Pierre,CA,2021-05-12 04:55:46,50.2334,-63.5986,39.2,81,75,6.91
181,Opuwo,NA,2021-05-12 04:55:46,-18.0607,13.84,58.44,32,0,7.47
182,Rancho Palos Verdes,US,2021-05-12 04:55:47,33.7445,-118.387,62.01,89,53,3.0
183,Pisco,PE,2021-05-12 04:55:47,-13.7,-76.2167,64.4,82,20,2.3
184,Asekeyevo,RU,2021-05-12 04:55:48,53.5742,52.7972,70.14,46,99,6.53
185,High Level,CA,2021-05-12 04:55:48,58.5169,-117.136,51.8,54,20,5.75
186,Urumqi,CN,2021-05-12 04:55:48,43.801,87.6005,69.8,37,0,6.71
187,Nanortalik,GL,2021-05-12 04:55:49,60.1432,-45.2371,39.52,67,98,5.06
188,Chokurdakh,RU,2021-05-12 04:55:49,70.6333,147.9167,27.43,82,100,4.79
189,Eydhafushi,MV,2021-05-12 04:55:50,5.1033,73.0708,78.8,94,100,23.22
190,Praia,CV,2021-05-12 04:55:50,14.9215,-23.5087,73.4,73,20,17.27
191,Masterton,NZ,2021-05-12 04:55:51,-40.9597,175.6575,53.01,71,100,3.0
192,Sao Filipe,CV,2021-05-12 04:55:52,14.8961,-24.4956,74.66,70,26,10.02
193,Lagoa,PT,2021-05-12 04:55:52,39.05,-27.9833,60.75,83,13,14.25
194,Malinovka,BY,2021-05-12 04:55:53,53.8579,27.4374,57.2,72,0,11.18
195,Zhangjiakou,CN,2021-05-12 04:55:53,40.81,114.8794,70.39,26,94,7.7
196,Padang,ID,2021-05-12 04:55:54,-0.9492,100.3543,78.8,94,75,2.3
197,Launceston,AU,2021-05-12 04:52:57,-41.45,147.1667,55.99,66,90,3.44
198,Poum,NC,2021-05-12 04:55:55,-20.2333,164.0167,79.27,77,100,14.32
199,Ojinaga,MX,2021-05-12 04:55:55,29.5667,-104.4167,77.0,50,1,20.71
200,Hermosillo,MX,2021-05-12 04:55:55,29.0667,-110.9667,82.0,22,1,3.44
201,Souillac,MU,2021-05-12 04:55:56,-20.5167,57.5167,73.4,88,20,9.95
202,Alofi,NU,2021-05-12 04:55:57,-19.0595,-169.9187,75.2,88,75,14.97
203,Salalah,OM,2021-05-12 04:55:57,17.0151,54.0924,86.0,70,75,5.86
204,Pangoa,PE,2021-05-12 04:55:57,-12.1167,-73.0,66.07,96,19,3.18
205,Hoyanger,NO,2021-05-12 04:55:58,61.2204,6.0749,45.0,76,0,1.14
206,Blackfoot,US,2021-05-12 04:54:01,43.1905,-112.345,48.99,53,66,3.0
207,Te Anau,NZ,2021-05-12 04:55:58,-45.4167,167.7167,42.75,73,1,2.33
208,Luau,AO,2021-05-12 04:55:59,-10.7073,22.2247,56.64,73,2,4.05
209,Miri,MY,2021-05-12 04:55:59,4.4148,114.0089,89.6,70,40,8.05
210,Mbanza-Ngungu,CD,2021-05-12 04:56:00,-5.25,14.8667,66.24,94,0,2.68
211,Qiyang,CN,2021-05-12 04:56:00,26.5911,111.8474,74.14,90,100,5.59
212,Klaksvik,FO,2021-05-12 04:56:01,62.2266,-6.589,37.4,75,82,8.05
213,Conde,BR,2021-05-12 04:53:06,-7.2597,-34.9075,73.4,100,40,5.75
214,Fortuna,US,2021-05-12 04:56:01,40.5982,-124.1573,51.01,87,1,1.9
215,Calama,CL,2021-05-12 04:56:02,-22.4667,-68.9333,53.6,17,75,19.57
216,Kibre Mengist,ET,2021-05-12 04:56:02,5.8833,38.9833,61.38,96,100,1.03
217,Laguna,US,2021-05-12 04:56:03,38.421,-121.4238,73.4,33,1,8.05
218,Asau,RO,2021-05-12 04:56:03,46.4333,26.4,55.0,43,2,1.34
219,Flinders,AU,2021-05-12 04:56:04,-34.5833,150.8552,66.0,72,76,8.19
220,Cayenne,GF,2021-05-12 04:56:04,4.9333,-52.3333,77.0,100,99,3.44
221,Kahului,US,2021-05-12 04:54:06,20.8947,-156.47,77.0,57,40,20.71
222,Guilin,CN,2021-05-12 04:56:05,25.2819,110.2864,77.0,83,40,4.47
223,Valparaiso,CL,2021-05-12 04:52:04,-33.0393,-71.6273,54.0,76,2,4.94
224,Mahibadhoo,MV,2021-05-12 04:56:06,3.7833,72.9667,81.37,84,100,25.05
225,Puerto Baquerizo Moreno,EC,2021-05-12 04:56:06,-0.9,-89.6,74.43,87,16,10.96
226,Inyonga,TZ,2021-05-12 04:56:06,-6.7167,32.0667,61.34,83,50,4.88
227,Ribeira Grande,PT,2021-05-12 04:56:07,38.5167,-28.7,61.25,86,12,7.81
228,Caravelas,BR,2021-05-12 04:56:07,-17.7125,-39.2481,69.3,79,1,3.56
229,Cozumel,MX,2021-05-12 04:56:08,20.5083,-86.9458,80.6,83,20,10.36
230,Mangai,CD,2021-05-12 04:55:04,-4.05,19.5333,67.41,81,7,2.48
231,Sumbe,AO,2021-05-12 04:56:08,-11.2061,13.8437,75.99,79,1,5.99
232,Temerloh,MY,2021-05-12 04:56:09,3.4483,102.4176,84.67,82,98,1.1
233,Huarmey,PE,2021-05-12 04:56:09,-10.0681,-78.1522,65.8,85,4,7.72
234,Sawtell,AU,2021-05-12 04:56:10,-30.3833,153.1,69.8,83,100,5.75
235,Dunedin,NZ,2021-05-12 04:56:10,-45.8742,170.5036,50.0,55,36,1.01
236,Labuhan,ID,2021-05-12 04:56:11,-6.8844,112.2051,87.96,62,55,6.98
237,Bowen,AU,2021-05-12 04:56:11,-20.0167,148.2333,84.2,58,51,11.5
238,Lavrentiya,RU,2021-05-12 04:56:12,65.5833,-171.0,33.96,99,100,4.47
239,Nagato,JP,2021-05-12 04:56:12,34.3833,131.2,59.0,100,75,20.71
240,Mangrol,IN,2021-05-12 04:56:12,21.1167,70.1167,86.83,61,2,10.98
241,Mirnyy,RU,2021-05-12 04:56:13,62.5353,113.9611,39.27,50,100,4.61
242,Garmsar,IR,2021-05-12 04:56:13,35.2182,52.3409,75.56,40,48,3.56
243,Grand Gaube,MU,2021-05-12 04:56:14,-20.0064,57.6608,80.01,68,0,4.0
244,Victoria,HK,2021-05-12 04:53:38,22.2855,114.1577,89.01,77,26,1.99
245,Sao Miguel Do Araguaia,BR,2021-05-12 04:55:55,-13.275,-50.1628,71.92,61,59,2.21
246,Tizimin,MX,2021-05-12 04:56:15,21.15,-88.15,76.89,84,22,10.25
247,Wenling,CN,2021-05-12 04:56:15,28.3669,121.36,78.01,86,91,5.46
248,Griffith,US,2021-05-12 04:56:15,41.5284,-87.4237,44.6,75,1,4.47
249,Fairbanks,US,2021-05-12 04:52:55,64.8378,-147.7164,53.6,66,90,3.44
250,Kavieng,PG,2021-05-12 04:56:16,-2.5744,150.7967,80.46,82,95,9.06
251,Makakilo City,US,2021-05-12 04:56:16,21.3469,-158.0858,80.6,54,20,8.05
252,Pori,FI,2021-05-12 04:56:17,61.4833,21.7833,59.0,58,0,8.05
253,Namibe,AO,2021-05-12 04:54:15,-15.1961,12.1522,72.0,63,2,5.97
254,Touros,BR,2021-05-12 04:56:17,-5.1989,-35.4608,73.4,94,0,6.91
255,Noyabrsk,RU,2021-05-12 04:56:18,63.1994,75.4507,46.83,37,28,18.23
256,Tuatapere,NZ,2021-05-12 04:56:18,-46.1333,167.6833,48.99,68,7,1.01
257,Uyuni,BO,2021-05-12 04:56:19,-20.4597,-66.825,44.02,45,13,3.09
258,Zaysan,KZ,2021-05-12 04:56:19,47.4667,84.8667,60.24,31,95,9.42
259,Richmond,US,2021-05-12 04:51:41,37.5538,-77.4603,61.0,51,90,9.42
260,Leningradskiy,RU,2021-05-12 04:56:20,69.3833,178.4167,31.87,94,100,10.18
261,Awbari,LY,2021-05-12 04:56:21,26.5921,12.7805,82.98,11,21,7.34
262,Talnakh,RU,2021-05-12 04:56:21,69.4865,88.3972,34.02,100,100,2.04
263,Wisconsin Rapids,US,2021-05-12 04:56:22,44.3836,-89.8174,37.99,70,1,5.68
264,Areia Branca,BR,2021-05-12 04:56:22,-4.9561,-37.1369,75.02,86,44,9.75
265,Kawambwa,ZM,2021-05-12 04:56:22,-9.7915,29.0791,53.83,75,0,5.77
266,Belmonte,BR,2021-05-12 04:52:12,-15.8631,-38.8828,68.0,83,40,4.61
267,Igarka,RU,2021-05-12 04:56:23,67.4667,86.5833,33.24,99,100,1.92
268,Tutoia,BR,2021-05-12 04:56:24,-2.7619,-42.2744,74.32,91,63,4.09
269,Khasan,RU,2021-05-12 04:56:24,42.4308,130.6434,52.14,78,97,8.97
270,Komsomolskiy,UZ,2021-05-12 04:56:24,40.4272,71.7189,73.4,38,0,9.22
271,Atambua,ID,2021-05-12 04:56:25,-9.1061,124.8925,83.32,55,16,0.38
272,Carnarvon,AU,2021-05-12 04:56:25,-24.8667,113.6333,84.2,34,0,9.22
273,Pathein,MM,2021-05-12 04:56:26,16.7833,94.7333,95.9,45,90,10.16
274,Maceio,BR,2021-05-12 04:56:27,-9.6658,-35.7353,69.8,100,90,3.44
275,Katobu,ID,2021-05-12 04:56:27,-4.9408,122.5276,87.69,57,39,6.93
276,Boende,CD,2021-05-12 04:56:28,-0.2167,20.8667,73.31,85,100,1.54
277,Liverpool,GB,2021-05-12 04:56:02,53.4106,-2.9779,46.4,93,20,5.75
278,Mundo Nuevo,MX,2021-05-12 04:56:28,18.7,-95.5,82.0,73,43,2.44
279,Road Town,VG,2021-05-12 04:56:29,18.4167,-64.6167,79.0,82,91,3.0
280,Peniche,PT,2021-05-12 04:53:24,39.3558,-9.3811,60.01,87,74,7.0
281,Assare,BR,2021-05-12 04:54:08,-6.8744,-39.875,71.51,71,85,5.84
282,Longford,IE,2021-05-12 04:56:29,53.7333,-7.8,36.14,96,8,4.27
283,Mecca,SA,2021-05-12 04:56:30,21.4267,39.8261,88.41,32,0,2.06
284,Vilhena,BR,2021-05-12 04:56:31,-12.7406,-60.1458,66.13,70,14,3.29
285,Ishigaki,JP,2021-05-12 04:56:31,24.3448,124.1572,86.0,79,20,18.41
286,Mount Gambier,AU,2021-05-12 04:56:00,-37.8333,140.7667,60.8,55,0,5.75
287,Staroaleyskoye,RU,2021-05-12 04:56:32,51.0061,82.0,61.81,40,91,10.6
288,Pak Phanang,TH,2021-05-12 04:56:33,8.3511,100.202,95.0,59,40,3.44
289,Honiara,SB,2021-05-12 04:56:33,-9.4333,159.95,81.79,82,87,2.33
290,Cherskiy,RU,2021-05-12 04:56:33,68.75,161.3,26.78,80,92,4.83
291,Yelizovo,RU,2021-05-12 04:56:34,53.1873,158.3805,53.6,37,85,6.71
292,Paamiut,GL,2021-05-12 04:56:34,61.994,-49.6678,36.41,75,100,1.57
293,Bubaque,GW,2021-05-12 04:56:35,11.2833,-15.8333,77.13,77,77,10.76
294,Tiksi,RU,2021-05-12 04:56:35,71.6872,128.8694,26.29,81,80,5.88
295,Cooma,AU,2021-05-12 04:56:36,-36.2333,149.1333,53.6,87,75,8.05
296,Lakes Entrance,AU,2021-05-12 04:56:36,-37.8811,147.981,57.99,94,100,1.01
297,Boyolangu,ID,2021-05-12 04:56:24,-8.1181,111.8935,84.25,69,62,10.89
298,Vavatenina,MG,2021-05-12 04:56:36,-17.4667,49.2,70.54,91,87,1.88
299,Narsaq,GL,2021-05-12 04:56:37,60.9167,-46.05,39.2,52,75,3.44
300,Hambantota,LK,2021-05-12 04:56:37,6.1241,81.1185,86.0,84,40,9.22
301,Severo-Kurilsk,RU,2021-05-12 04:56:38,50.6789,156.125,36.81,87,73,13.02
302,Inhambane,MZ,2021-05-12 04:56:38,-23.865,35.3833,59.0,100,20,1.5
303,Payakumbuh,ID,2021-05-12 04:56:39,-0.2202,100.6308,81.3,79,80,2.06
304,Anadyr,RU,2021-05-12 04:56:39,64.75,177.4833,33.8,93,75,17.9
305,Olinda,BR,2021-05-12 04:56:40,-8.0089,-34.8553,71.6,94,75,2.3
306,Charters Towers,AU,2021-05-12 04:56:40,-20.1,146.2667,84.99,42,7,3.49
307,Brae,GB,2021-05-12 04:56:41,60.3964,-1.353,46.4,93,90,11.5
308,Tessalit,ML,2021-05-12 04:56:41,20.1986,1.0114,84.87,13,19,9.78
309,Puri,IN,2021-05-12 04:56:42,19.8,85.85,87.8,62,20,4.61
310,Wajid,SO,2021-05-12 04:56:42,3.8093,43.2471,77.67,61,98,21.41
311,Acarau,BR,2021-05-12 04:56:43,-2.8856,-40.12,75.38,88,44,9.69
312,Adamovka,RU,2021-05-12 04:56:43,51.5223,59.9396,65.8,32,93,5.86
313,Mar Del Plata,AR,2021-05-12 04:52:25,-38.0023,-57.5575,48.99,93,0,4.61
314,Adrar,MR,2021-05-12 04:56:44,20.5022,-10.0711,78.62,12,0,11.59
315,Kalaswala,PK,2021-05-12 04:56:44,32.2009,74.6491,86.0,39,40,4.61
316,Karaton,ID,2021-05-12 04:56:45,-6.3424,106.1045,91.4,62,20,13.8
317,Tongren,CN,2021-05-12 04:56:45,27.7172,109.1853,73.02,87,100,3.38
318,Sabzevar,IR,2021-05-12 04:52:08,36.2126,57.6819,69.8,52,0,16.11
319,Vestmannaeyjar,IS,2021-05-12 04:56:46,63.4427,-20.2734,40.1,63,23,3.96
320,Geraldton,AU,2021-05-12 04:56:46,-28.7667,114.6,80.6,50,10,5.75
321,Basco,PH,2021-05-12 04:56:47,20.4487,121.9702,83.1,84,0,16.96
322,Loubomo,CG,2021-05-12 04:56:47,-4.1997,12.6739,70.75,97,3,1.92
323,Seoul,KR,2021-05-12 04:53:53,37.5683,126.9778,77.0,23,0,4.61
324,Skibbereen,IE,2021-05-12 04:56:48,51.55,-9.2667,46.4,93,75,11.5
325,Caaguazu,PY,2021-05-12 04:56:48,-25.45,-56.0167,56.7,98,100,5.17
326,Grindavik,IS,2021-05-12 04:56:49,63.8424,-22.4338,39.2,81,40,2.3
327,Tazovskiy,RU,2021-05-12 04:56:49,67.4667,78.7,33.35,99,99,7.34
328,Koson,UZ,2021-05-12 04:56:50,39.0375,65.585,73.4,40,0,9.22
329,Morondava,MG,2021-05-12 04:56:50,-20.2833,44.2833,73.67,56,9,5.68
330,Usakos,NA,2021-05-12 04:56:51,-22.0,15.6,63.05,30,0,8.9
331,Kawalu,ID,2021-05-12 04:56:51,-7.3817,108.2082,86.7,59,80,5.59
332,Yulara,AU,2021-05-12 04:56:52,-25.2406,130.9889,69.8,37,0,5.75
333,Bucerias,MX,2021-05-12 04:53:19,20.75,-105.3333,81.0,83,90,2.91
334,Ancud,CL,2021-05-12 04:56:52,-41.8697,-73.8203,48.99,93,90,5.75
335,Bathsheba,BB,2021-05-12 04:56:53,13.2167,-59.5167,78.8,65,40,20.71
336,San Clemente,US,2021-05-12 04:55:33,33.427,-117.612,63.0,85,16,1.9
337,Whitehorse,CA,2021-05-12 04:56:53,60.7161,-135.0538,50.0,37,40,16.11
338,Rawson,AR,2021-05-12 04:56:54,-43.3002,-65.1023,57.15,34,93,7.49
339,Broome,US,2021-05-12 04:56:54,42.2506,-75.833,39.0,70,1,9.22
340,Clyde River,CA,2021-05-12 04:56:55,70.4692,-68.5914,19.4,93,90,2.3
341,Tynda,RU,2021-05-12 04:56:55,55.1667,124.7167,49.15,73,100,6.46
342,Kachug,RU,2021-05-12 04:55:42,53.9606,105.8817,47.25,49,100,9.31
343,Albanel,CA,2021-05-12 04:56:56,48.8832,-72.4487,48.2,49,98,8.05
344,Lewisville,US,2021-05-12 04:54:37,33.0462,-96.9942,57.99,100,90,6.91
345,Mabaruma,GY,2021-05-12 04:56:56,8.2,-59.7833,72.01,96,53,2.35
346,Camacha,PT,2021-05-12 04:56:57,33.0833,-16.3333,62.6,77,20,8.05
347,Carutapera,BR,2021-05-12 04:56:57,-1.195,-46.02,73.42,95,36,4.34
348,Vardo,NO,2021-05-12 04:56:58,70.3705,31.1107,37.4,81,75,6.91
349,Tombouctou,ML,2021-05-12 04:56:58,20.0,-3.0,85.55,13,4,10.51
350,Camopi,GF,2021-05-12 04:56:59,3.1655,-52.3158,70.27,99,98,1.01
351,Severnyy,RU,2021-05-12 04:56:59,50.677,36.5532,48.2,81,75,20.13
352,Nampa,US,2021-05-12 04:54:00,43.5407,-116.5635,57.2,28,1,2.08
353,Palana,RU,2021-05-12 04:57:00,59.1167,159.9667,32.61,66,26,15.57
354,Pingshan,CN,2021-05-12 04:57:00,22.9938,114.7131,94.28,47,41,13.62
355,Thompson,CA,2021-05-12 04:57:00,55.7435,-97.8558,51.8,40,40,5.75
356,Rafaela,AR,2021-05-12 04:55:08,-31.2503,-61.4867,46.0,53,0,2.53
357,Clearwater,US,2021-05-12 04:57:01,27.9659,-82.8001,79.0,83,1,7.63
358,Depalpur,IN,2021-05-12 04:57:02,22.85,75.55,86.0,42,1,11.5
359,Jacksonville,US,2021-05-12 04:53:22,30.3322,-81.6556,73.4,88,90,5.75
360,Tagusao,PH,2021-05-12 04:57:02,9.1924,117.8141,88.18,66,48,4.56
361,Kieta,PG,2021-05-12 04:57:03,-6.2167,155.6333,83.17,73,53,4.79
362,Quelimane,MZ,2021-05-12 04:55:06,-17.8786,36.8883,68.0,94,40,5.75
363,Yar-Sale,RU,2021-05-12 04:57:03,66.8333,70.8333,36.09,98,97,3.78
364,Vostok,RU,2021-05-12 04:57:04,46.4856,135.8833,59.2,39,99,9.8
365,Traralgon,AU,2021-05-12 04:57:04,-38.1833,146.5333,62.01,73,74,1.99
366,Luderitz,NA,2021-05-12 04:53:14,-26.6481,15.1594,66.76,43,0,7.74
367,Sosnovka,RU,2021-05-12 04:57:05,56.255,51.2842,71.24,45,11,4.65
368,Tautira,PF,2021-05-12 04:57:06,-17.7333,-149.15,82.4,65,75,4.61
369,Ostersund,SE,2021-05-12 04:57:06,63.1792,14.6357,48.99,87,0,1.72
370,Cap Malheureux,MU,2021-05-12 04:57:07,-19.9842,57.6142,80.01,68,0,4.0
371,Umm Lajj,SA,2021-05-12 04:57:07,25.0213,37.2685,83.19,51,9,2.84
372,Lashio,MM,2021-05-12 04:57:08,22.9333,97.75,76.1,76,100,2.89
373,Puerto Escondido,MX,2021-05-12 04:57:08,15.85,-97.0667,83.12,76,70,5.77
374,Half Moon Bay,US,2021-05-12 04:57:09,37.4636,-122.4286,59.0,100,90,4.61
375,Hovd,MN,2021-05-12 04:57:09,48.0056,91.6419,57.83,28,28,9.89
376,Ahipara,NZ,2021-05-12 04:57:10,-35.1667,173.1667,64.17,87,89,7.56
377,Koumra,TD,2021-05-12 04:57:11,8.9126,17.5539,77.92,65,76,4.25
378,Nouadhibou,MR,2021-05-12 04:57:11,20.931,-17.0347,66.2,72,0,21.85
379,Pavlogradka,RU,2021-05-12 04:57:11,54.2024,73.5592,70.48,26,79,10.58
380,Okahandja,NA,2021-05-12 04:57:12,-21.9833,16.9167,51.8,54,0,9.22
381,Zhuzhou,CN,2021-05-12 04:57:13,27.8333,113.15,78.8,69,20,4.47
382,Necochea,AR,2021-05-12 04:57:13,-38.5473,-58.7368,45.5,58,0,10.63
383,Havre,FR,2021-05-12 04:57:13,49.5833,0.3333,48.2,87,0,10.36
384,Haines Junction,CA,2021-05-12 04:57:14,60.7522,-137.5108,44.6,45,96,9.22
385,Kavaratti,IN,2021-05-12 04:57:14,10.5669,72.642,84.47,72,100,3.36
386,Esperance,AU,2021-05-12 04:57:15,-33.8667,121.9,60.8,100,90,19.57
387,Benfleet,GB,2021-05-12 04:57:15,51.565,0.5558,50.0,87,20,12.66
388,Jacareacanga,BR,2021-05-12 04:57:16,-6.2222,-57.7528,75.06,89,100,1.34
389,Astoria,US,2021-05-12 04:57:16,46.1879,-123.8313,53.6,82,1,9.22
390,Maun,BW,2021-05-12 04:53:13,-19.9833,23.4167,57.2,62,0,5.75
391,Carlsbad,US,2021-05-12 04:52:17,33.1581,-117.3506,63.0,82,90,2.62
392,Mount Isa,AU,2021-05-12 04:57:17,-20.7333,139.5,80.6,22,0,8.05
393,Lazaro Cardenas,MX,2021-05-12 04:57:17,17.9583,-102.2,79.92,83,96,1.95
394,Kandi,BJ,2021-05-12 04:57:18,11.1342,2.9386,82.42,52,15,6.8
395,Dambulla,LK,2021-05-12 04:57:18,7.86,80.6517,88.77,58,100,3.67
396,Port Hardy,CA,2021-05-12 04:57:19,50.6996,-127.4199,50.0,100,90,2.3
397,Jalu,LY,2021-05-12 04:57:19,29.0331,21.5482,75.85,16,2,7.14
398,Milkovo,RU,2021-05-12 04:57:20,54.7167,158.6167,48.15,44,97,4.92
399,Bilibino,RU,2021-05-12 04:57:20,68.0546,166.4372,31.32,76,95,2.28
400,Bandar-E Lengeh,IR,2021-05-12 04:57:21,26.5579,54.8807,84.2,84,40,11.5
401,Roebourne,AU,2021-05-12 04:57:21,-20.7833,117.1333,88.07,28,0,9.04
402,Riyadh,SA,2021-05-12 04:54:17,24.6877,46.7219,84.2,26,0,7.56
403,Bac Lieu,VN,2021-05-12 04:53:14,9.285,105.7244,90.25,55,20,10.22
404,Goderich,CA,2021-05-12 04:57:22,43.7501,-81.7165,42.8,75,82,9.22
405,Mocuba,MZ,2021-05-12 04:57:22,-16.8392,36.9856,64.09,97,94,2.89
406,Goba,ET,2021-05-12 04:57:23,7.0167,39.9833,57.54,66,86,0.6
407,Asfi,MA,2021-05-12 04:57:23,32.2994,-9.2372,59.4,69,2,17.0
408,Katherine,AU,2021-05-12 04:57:24,-14.4667,132.2667,89.6,23,0,12.66
409,Phaltan,IN,2021-05-12 04:57:24,17.9833,74.4333,92.03,28,40,7.23
410,Nyurba,RU,2021-05-12 04:57:25,63.2842,118.3319,46.15,37,81,7.47
411,Lima,PE,2021-05-12 04:54:38,-12.0432,-77.0282,64.4,82,20,8.05
412,Isangel,VU,2021-05-12 04:57:25,-19.55,169.2667,79.45,73,71,14.5
413,Amga,RU,2021-05-12 04:56:37,60.8953,131.9608,54.75,56,100,2.01
414,At-Bashi,KG,2021-05-12 04:57:26,41.1702,75.8106,53.55,59,83,3.13
415,Bay-Khaak,RU,2021-05-12 04:57:26,51.1667,94.5,57.29,25,100,4.52
416,Hobyo,SO,2021-05-12 04:57:27,5.3505,48.5268,81.75,73,100,12.97
417,Corinth,GR,2021-05-12 04:53:19,37.9407,22.9573,64.0,52,0,1.16
418,Sjovegan,NO,2021-05-12 04:57:27,68.8726,17.8474,41.0,75,40,2.3
419,Hamilton,US,2021-05-12 04:57:28,39.1834,-84.5333,46.99,66,1,3.44
420,Irituia,BR,2021-05-12 04:57:28,-1.7711,-47.4381,72.39,98,88,2.33
421,Maniwaki,CA,2021-05-12 04:57:29,46.3834,-75.966,39.2,93,93,2.3
422,Belyy Yar,RU,2021-05-12 04:57:29,53.6039,91.3903,66.2,24,0,6.71
423,Westport,US,2021-05-12 04:57:29,41.1415,-73.3579,51.8,43,20,8.05
424,Beni Suef,EG,2021-05-12 04:57:30,29.0731,31.0979,69.89,55,0,6.6
425,Karlskoga,SE,2021-05-12 04:57:30,59.3267,14.5239,51.8,82,0,12.66
426,Moranbah,AU,2021-05-12 04:57:31,-22.0016,148.0466,85.91,37,9,2.39
427,Ponta Do Sol,PT,2021-05-12 04:57:31,32.6667,-17.1,57.99,71,62,3.0
428,Prince Rupert,CA,2021-05-12 04:57:31,54.3161,-130.3201,50.0,76,90,3.44
429,Hakkari,TR,2021-05-12 04:57:32,37.5833,44.1667,51.8,50,20,2.3
430,Felanitx,ES,2021-05-12 04:57:32,39.4696,3.1483,55.99,93,20,3.44
431,Cockburn Town,TC,2021-05-12 04:53:02,21.4612,-71.1419,79.03,85,24,22.17
432,Cabinda,AO,2021-05-12 04:57:33,-5.55,12.2,77.47,92,19,5.95
433,Kirakira,SB,2021-05-12 04:57:34,-10.4544,161.9205,83.44,73,63,4.56
434,Waycross,US,2021-05-12 04:57:34,31.2136,-82.354,71.6,94,90,3.94
435,Aras,ES,2021-05-12 04:57:35,42.5617,-2.356,50.0,81,75,3.44
436,Mirador,BR,2021-05-12 04:57:35,-6.3708,-44.3631,70.93,75,11,4.25
437,Aykhal,RU,2021-05-12 04:57:36,66.0,111.5,29.5,80,8,5.19
438,Gornyy,RU,2021-05-12 04:57:37,55.1153,83.9059,68.0,26,46,3.0
439,Lakatoro,VU,2021-05-12 04:57:37,-16.0999,167.4164,81.41,78,49,14.0
440,Kalabo,ZM,2021-05-12 04:57:38,-14.97,22.6814,54.95,66,0,5.41
441,Ongandjera,NA,2021-05-12 04:57:38,-17.8833,15.0667,60.01,35,0,8.14
442,Sterling,US,2021-05-12 04:55:30,39.0062,-77.4286,55.4,35,40,14.97
443,Cascas,PE,2021-05-12 04:57:39,-7.4833,-78.8167,66.6,72,8,4.18
444,Saint-Francois,FR,2021-05-12 04:57:39,46.4154,3.9054,44.01,100,0,1.14
445,Ilulissat,GL,2021-05-12 04:57:40,69.2167,-51.1,30.2,100,90,3.15
446,Avera,US,2021-05-12 04:54:33,33.194,-82.5271,69.8,96,90,5.75
447,Kazanskaya,RU,2021-05-12 04:57:41,45.4106,40.4361,46.99,93,72,9.04
448,Sulya,IN,2021-05-12 04:53:05,12.5667,75.3833,86.0,79,75,5.75
449,La Macarena,CO,2021-05-12 04:57:41,2.1837,-73.7849,69.3,98,94,1.48
450,Cangucu,BR,2021-05-12 04:57:42,-31.395,-52.6756,41.0,97,9,3.38
451,Barra Do Garcas,BR,2021-05-12 04:57:42,-15.89,-52.2567,66.52,62,34,0.83
452,Nanyamba,TZ,2021-05-12 04:57:43,-10.6833,39.8333,66.72,86,8,5.53
453,Nyrob,RU,2021-05-12 04:57:43,60.733,56.7202,61.68,53,98,6.2
454,Khandyga,RU,2021-05-12 04:57:44,62.6667,135.6,55.69,55,100,6.06
455,Neuquen,AR,2021-05-12 04:53:48,-38.9516,-68.0591,39.2,93,0,5.19
456,Portland,US,2021-05-12 04:57:23,45.5234,-122.6762,63.0,52,100,3.96
457,Kroya,ID,2021-05-12 04:57:44,-7.6331,109.2461,87.44,63,67,12.71
458,Nola,IT,2021-05-12 04:57:45,40.922,14.5329,61.0,79,1,3.53
459,Charlottesville,US,2021-05-12 04:57:45,38.0293,-78.4767,60.8,39,20,5.75
460,Jibuti,DJ,2021-05-12 04:57:46,11.5,42.5,84.2,84,1,3.44
461,Coahuayana,MX,2021-05-12 04:57:47,18.7333,-103.6833,77.58,86,100,1.63
462,Nata,PA,2021-05-12 04:57:47,8.3333,-80.5167,77.0,64,89,4.32
463,Nemuro,JP,2021-05-12 04:57:48,43.3236,145.575,50.0,66,40,12.66
464,Calbuco,CL,2021-05-12 04:57:48,-41.768,-73.1273,37.4,100,93,2.3
465,Beloha,MG,2021-05-12 04:57:48,-25.1667,45.05,67.23,80,0,6.04
466,Bereda,ES,2021-05-12 04:57:49,43.2686,-7.5406,51.01,93,100,14.0
467,La Mata,PA,2021-05-12 04:57:49,8.0833,-80.8833,72.0,99,98,4.34
468,Leshukonskoye,RU,2021-05-12 04:57:50,64.8989,45.7622,61.11,68,97,10.0
469,Burnie,AU,2021-05-12 04:57:50,-41.0667,145.9167,56.16,68,62,11.68
470,Chincholi,IN,2021-05-12 04:57:51,17.4667,77.4333,95.05,33,56,2.42
471,Burhar,IN,2021-05-12 04:57:51,23.2167,81.5333,96.49,26,62,11.39
472,Zyryanka,RU,2021-05-12 04:56:46,65.75,150.85,34.41,66,100,2.8
473,Cuamba,MZ,2021-05-12 04:57:52,-14.8031,36.5372,60.69,90,16,4.36
474,Nan,TH,2021-05-12 04:57:52,18.8333,100.6667,91.4,58,0,6.91
475,Ribeira Brava,PT,2021-05-12 04:57:52,32.65,-17.0667,57.99,86,62,5.01
476,Damaturu,NG,2021-05-12 04:57:53,11.747,11.9608,82.63,49,6,8.66
477,Batticaloa,LK,2021-05-12 04:57:53,7.7102,81.6924,86.63,66,100,5.19
478,Cleburne,US,2021-05-12 04:57:54,32.3476,-97.3867,59.0,100,90,9.22
479,Kalmar,SE,2021-05-12 04:57:54,56.6616,16.3616,55.0,76,6,5.75
480,Najran,SA,2021-05-12 04:57:55,17.4924,44.1277,80.6,32,0,7.36
481,Matagami,CA,2021-05-12 04:57:55,49.7502,-77.6328,35.6,75,1,9.22
482,Gaya,IN,2021-05-12 04:57:56,24.7833,85.0,89.6,48,40,4.61
483,Tateyama,JP,2021-05-12 04:57:56,34.9833,139.8667,70.0,68,75,14.97
484,Yabrud,SY,2021-05-12 04:57:57,33.9674,36.6574,64.4,32,0,1.12
485,Mehamn,NO,2021-05-12 04:57:57,71.0357,27.8492,39.2,65,75,3.44
486,Rundu,NA,2021-05-12 04:57:58,-17.9333,19.7667,51.01,56,0,5.28
487,Cawayan,PH,2021-05-12 04:57:58,9.9718,122.6249,87.13,65,96,6.46
488,Moose Factory,CA,2021-05-12 04:57:58,51.2585,-80.6094,30.2,93,1,3.44
489,Sao Borja,BR,2021-05-12 04:57:59,-28.6606,-56.0044,47.41,73,27,7.2
490,Vernon,CA,2021-05-12 04:54:16,50.2581,-119.2691,59.0,36,99,4.61
491,Verkhoyansk,RU,2021-05-12 04:58:00,67.5447,133.385,33.6,55,100,7.45
492,Along,IN,2021-05-12 04:58:00,28.1667,94.7667,67.71,90,100,1.1
493,Coquimbo,CL,2021-05-12 04:58:01,-29.9533,-71.3436,53.6,94,90,3.44
494,Jumla,NP,2021-05-12 04:58:01,29.2747,82.1838,62.67,54,65,7.11
495,Callaway,US,2021-05-12 04:58:02,30.153,-85.5699,69.01,94,40,3.44
496,Mwinilunga,ZM,2021-05-12 04:58:02,-11.7358,24.4293,52.21,79,0,4.61
497,Calvinia,ZA,2021-05-12 04:54:11,-31.4707,19.776,54.23,38,0,3.11
498,Tecuala,MX,2021-05-12 04:58:03,22.3986,-105.4569,75.04,80,31,0.47
499,High Prairie,CA,2021-05-12 04:58:03,55.4334,-116.4858,51.8,40,34,1.14
500,Swift Current,CA,2021-05-12 04:57:41,50.2834,-107.8014,44.6,45,1,11.5
501,Cam Ranh,VN,2021-05-12 04:58:04,11.9214,109.1591,91.4,62,20,8.05
502,Husavik,IS,2021-05-12 04:57:14,66.0449,-17.3389,23.0,86,0,2.3
503,Djenne,ML,2021-05-12 04:58:05,13.9061,-4.5533,89.89,33,77,4.81
504,Rocha,UY,2021-05-12 04:58:05,-34.4833,-54.3333,54.77,65,100,6.11
505,Kamaishi,JP,2021-05-12 04:58:05,39.2667,141.8833,66.2,39,20,12.66
506,Gezing,AT,2021-05-12 04:58:06,47.9178,13.1299,48.2,87,75,12.66
507,Huescar,ES,2021-05-12 04:58:07,37.811,-2.5412,46.0,70,0,3.83
508,Vaitape,PF,2021-05-12 04:58:07,-16.5167,-151.75,82.18,74,41,19.55
509,Krasnoarmeyskoye,RU,2021-05-12 04:58:08,52.7182,50.0322,62.42,59,98,10.27
510,Aasiaat,GL,2021-05-12 04:58:08,68.7098,-52.8699,29.73,90,99,6.29
511,Dryden,CA,2021-05-12 04:58:09,49.7833,-92.7503,48.2,46,1,8.05
512,Shabo,UA,2021-05-12 04:58:09,46.1326,30.386,53.6,76,0,11.18
513,Leogane,HT,2021-05-12 04:57:03,18.5108,-72.6339,80.6,74,100,13.8
514,Buala,SB,2021-05-12 04:58:10,-8.145,159.5921,83.16,75,64,4.63
515,Saryg-Sep,RU,2021-05-12 04:58:10,51.5,95.6,61.68,22,100,4.68
516,Belgrade,RS,2021-05-12 04:57:16,44.804,20.4651,64.4,48,0,11.5
517,La Palma,US,2021-05-12 04:58:10,33.8464,-118.0467,64.0,82,75,4.9
518,Aksu,CN,2021-05-12 04:58:11,41.1231,80.2644,72.91,18,100,11.77
519,Vangaindrano,MG,2021-05-12 04:58:11,-23.35,47.6,70.39,85,15,5.68
520,Skelleftea,SE,2021-05-12 04:58:12,64.7507,20.9528,52.0,100,90,2.3
521,Telford,GB,2021-05-12 04:58:12,52.6766,-2.4493,42.01,93,75,3.44
522,Boulder,US,2021-05-12 04:53:26,40.0833,-105.3505,41.0,87,90,5.17
523,Kashi,CN,2021-05-12 04:58:13,39.4547,75.9797,75.2,12,0,11.18
524,Yining,CN,2021-05-12 04:58:13,29.0361,114.5636,79.02,70,100,2.04
525,Barra Do Bugres,BR,2021-05-12 04:53:17,-15.0725,-57.1811,67.03,66,7,2.66
526,Velyka Lepetykha,UA,2021-05-12 04:58:14,47.1757,33.9436,49.87,74,61,8.7
527,Xuddur,SO,2021-05-12 04:58:14,4.1213,43.8894,76.19,62,100,18.7
528,Russell,US,2021-05-12 04:58:15,32.3502,-85.1999,68.0,94,75,3.89
529,Kearney,US,2021-05-12 04:56:34,40.6995,-99.0815,48.2,57,90,5.75
530,Batagay-Alyta,RU,2021-05-12 04:58:15,67.8006,130.4114,24.01,72,90,4.81
531,Gat,IL,2021-05-12 04:58:16,31.61,34.7642,70.0,100,0,1.01
532,Barddhaman,IN,2021-05-12 04:58:16,23.25,87.85,90.48,46,0,6.71
533,Xining,CN,2021-05-12 04:58:17,36.6167,101.7667,69.01,41,0,6.51
534,Honningsvag,NO,2021-05-12 04:58:17,70.9821,25.9704,39.2,65,75,3.44
535,Santiago Del Estero,AR,2021-05-12 04:58:17,-27.7951,-64.2615,51.67,69,0,4.81
536,Novikovo,RU,2021-05-12 04:58:18,51.1537,37.8879,49.55,73,80,15.7
537,Ciudad Valles,MX,2021-05-12 04:57:51,21.9833,-99.0167,79.09,85,87,3.06
538,Karla,EE,2021-05-12 04:58:19,59.3723,24.9275,60.8,41,0,8.05
539,San Quintin,MX,2021-05-12 04:58:19,30.4833,-115.95,58.98,79,0,5.53
540,Santa Cruz De La Palma,ES,2021-05-12 04:58:19,28.6835,-17.7642,64.4,68,0,10.36
541,Bongandanga,CD,2021-05-12 04:58:20,1.5,21.05,69.75,97,76,1.77
542,Cururupu,BR,2021-05-12 04:58:20,-1.8283,-44.8683,72.61,96,27,2.75
543,Cervo,ES,2021-05-12 04:58:21,43.6702,-7.4101,50.0,94,55,13.0
544,Walvis Bay,NA,2021-05-12 04:58:21,-22.9575,14.5053,64.4,32,0,6.91
545,Zhenhai,CN,2021-05-12 04:58:22,24.2582,118.0905,89.6,66,75,13.42
546,Matay,EG,2021-05-12 04:58:22,28.419,30.7792,70.43,51,0,6.85
547,Magnor,SE,2021-05-12 04:58:23,59.9511,12.1996,50.0,93,20,6.91
548,Porosozero,RU,2021-05-12 04:58:23,62.7191,32.727,60.08,67,24,7.81
549,Vydrino,RU,2021-05-12 04:58:23,51.485,104.8461,46.69,58,3,0.94
550,Trelew,AR,2021-05-12 04:58:24,-43.249,-65.3051,56.41,27,100,6.44
551,Loa Janan,ID,2021-05-12 04:58:24,-0.583,117.095,91.0,59,61,2.82
552,Balad,IQ,2021-05-12 04:58:25,34.0164,44.1453,89.51,22,5,6.64
553,Reyes,BO,2021-05-12 04:58:25,-14.3167,-67.3833,70.47,91,75,2.95
554,Ulladulla,AU,2021-05-12 04:58:26,-35.35,150.4667,68.0,60,75,8.05
555,Taoudenni,ML,2021-05-12 04:58:26,22.6783,-3.9836,86.95,8,0,10.89
556,Esperantinopolis,BR,2021-05-12 04:58:26,-4.8667,-44.7083,73.65,81,75,3.13
557,Moyale,KE,2021-05-12 04:58:27,3.5167,39.0584,65.52,88,100,8.19
558,Ulsteinvik,NO,2021-05-12 04:58:27,62.3432,5.8487,46.99,77,100,1.99
559,Shido,JP,2021-05-12 04:58:27,34.3233,134.1733,64.0,88,75,10.36
560,Poso,ID,2021-05-12 04:58:28,-1.3959,120.7524,88.63,54,32,5.44
561,Banda Aceh,ID,2021-05-12 04:55:04,5.5577,95.3222,85.71,70,66,4.21
562,Gazojak,TM,2021-05-12 04:58:29,41.1875,61.4036,77.63,30,1,15.17
563,Verkhnyaya Toyma,RU,2021-05-12 04:58:29,62.2349,44.9985,62.65,64,100,7.07
564,Ostrovnoy,RU,2021-05-12 04:58:29,68.0531,39.5131,41.43,95,100,14.45
565,Rio Grande,BR,2021-05-12 04:58:30,-32.035,-52.0986,41.0,97,18,10.25
566,Sorland,NO,2021-05-12 04:58:30,67.667,12.6934,42.8,87,0,3.44
567,Caceres,ES,2021-05-12 04:58:31,39.522,-6.3748,53.01,87,100,5.01
568,Omboue,GA,2021-05-12 04:58:31,-1.5746,9.2618,76.78,91,99,3.15
569,Berlevag,NO,2021-05-12 04:58:32,70.8578,29.0864,37.31,74,95,5.39
570,Feltre,IT,2021-05-12 04:58:32,46.0235,11.907,52.0,97,100,5.53
571,Jiayuguan,CN,2021-05-12 04:56:18,39.8167,98.3,71.24,17,38,10.4
572,Micheweni,TZ,2021-05-12 04:58:33,-4.9667,39.8333,79.43,73,35,13.51
